{
	"info": {
		"_postman_id": "09a229ed-2ffb-44ff-b057-d8c170004a44",
		"name": "Assessment & Grading",
		"schema": "https://schema.getpostman.com/json/collection/v2.1.0/collection.json",
		"_exporter_id": "38602171",
		"_collection_link": "https://lms-project-3100.postman.co/workspace/LMS-project-Workspace~834142a9-d34a-472e-94a4-8ec46378b016/collection/38602171-09a229ed-2ffb-44ff-b057-d8c170004a44?action=share&source=collection_link&creator=38602171"
	},
	"item": [
		{
			"name": "Assigment",
			"item": [
				{
					"name": "Create Assignment",
					"request": {
						"auth": {
							"type": "bearer",
							"bearer": [
								{
									"key": "token",
									"value": "eyJhbGciOiJIUzI1NiJ9.eyJzdWIiOiJpc2xhbSIsImlhdCI6MTczNDk3ODUwNCwiZXhwIjoxNzM1MDY0OTA0fQ.NWG_RMZLd3euSvXvDkC77Fptn-24rwOq3aBZ5wCROjg",
									"type": "string"
								}
							]
						},
						"method": "POST",
						"header": [],
						"body": {
							"mode": "raw",
							"raw": "  {\r\n        \"title\": \"course 2\",\r\n        \"description\": \"course 2\"\r\n}",
							"options": {
								"raw": {
									"language": "json"
								}
							}
						},
						"url": {
							"raw": "{{base_url}}/GetCourse/1/CreateAssignment",
							"host": [
								"{{base_url}}"
							],
							"path": [
								"GetCourse",
								"1",
								"CreateAssignment"
							]
						}
					},
					"response": []
				},
				{
					"name": "Get All Assignments for a Course",
					"request": {
						"auth": {
							"type": "bearer",
							"bearer": [
								{
									"key": "token",
									"value": "eyJhbGciOiJIUzI1NiJ9.eyJzdWIiOiJpc2xhbSIsImlhdCI6MTczNDk3MjM0OCwiZXhwIjoxNzM1MDU4NzQ4fQ.OOxa4GW3o9WB8bSsirwtFjb1YZlw35tVRyvrG-CpshA",
									"type": "string"
								}
							]
						},
						"method": "GET",
						"header": [],
						"url": {
							"raw": "{{base_url}}/GetCourse/1/getAssignmentsForCourse",
							"host": [
								"{{base_url}}"
							],
							"path": [
								"GetCourse",
								"1",
								"getAssignmentsForCourse"
							]
						}
					},
					"response": []
				},
				{
					"name": "Get Specific Assignment",
					"request": {
						"auth": {
							"type": "bearer",
							"bearer": [
								{
									"key": "token",
									"value": "eyJhbGciOiJIUzI1NiJ9.eyJzdWIiOiJpc2xhbSIsImlhdCI6MTczNDk3MjM0OCwiZXhwIjoxNzM1MDU4NzQ4fQ.OOxa4GW3o9WB8bSsirwtFjb1YZlw35tVRyvrG-CpshA",
									"type": "string"
								}
							]
						},
						"method": "GET",
						"header": [],
						"url": {
							"raw": "{{base_url}}/GetCourse/1/getAssignment/2",
							"host": [
								"{{base_url}}"
							],
							"path": [
								"GetCourse",
								"1",
								"getAssignment",
								"2"
							]
						}
					},
					"response": []
				},
				{
					"name": "Submit Assigment",
					"request": {
						"auth": {
							"type": "bearer",
							"bearer": [
								{
									"key": "token",
									"value": "eyJhbGciOiJIUzI1NiJ9.eyJzdWIiOiJpc2xhbSIsImlhdCI6MTczNDk3ODUwNCwiZXhwIjoxNzM1MDY0OTA0fQ.NWG_RMZLd3euSvXvDkC77Fptn-24rwOq3aBZ5wCROjg",
									"type": "string"
								}
							]
						},
						"method": "POST",
						"header": [],
						"body": {
							"mode": "raw",
							"raw": "{\r\n    \"id\" : 20220395,\r\n    \"name\" : \"Youssef Sobhy Eid\"\r\n}",
							"options": {
								"raw": {
									"language": "json"
								}
							}
						},
						"url": {
							"raw": "{{base_url}}/GetCourse/1/getAssignment/1/submitAssignment",
							"host": [
								"{{base_url}}"
							],
							"path": [
								"GetCourse",
								"1",
								"getAssignment",
								"1",
								"submitAssignment"
							]
						}
					},
					"response": []
				},
				{
					"name": "Grade Assignment",
					"request": {
						"auth": {
							"type": "bearer",
							"bearer": [
								{
									"key": "token",
									"value": "eyJhbGciOiJIUzI1NiJ9.eyJzdWIiOiJpc2xhbSIsImlhdCI6MTczNDk3MjM0OCwiZXhwIjoxNzM1MDU4NzQ4fQ.OOxa4GW3o9WB8bSsirwtFjb1YZlw35tVRyvrG-CpshA",
									"type": "string"
								}
							]
						},
						"method": "POST",
						"header": [],
						"url": {
							"raw": "{{base_url}}/GetCourse/1/getAssignment/1/gradeAssignment",
							"host": [
								"{{base_url}}"
							],
							"path": [
								"GetCourse",
								"1",
								"getAssignment",
								"1",
								"gradeAssignment"
							]
						}
					},
					"response": []
				},
				{
					"name": "Get Assignment Submitters",
					"request": {
						"auth": {
							"type": "bearer",
							"bearer": [
								{
									"key": "token",
									"value": "eyJhbGciOiJIUzI1NiJ9.eyJzdWIiOiJpc2xhbSIsImlhdCI6MTczNDk3ODUwNCwiZXhwIjoxNzM1MDY0OTA0fQ.NWG_RMZLd3euSvXvDkC77Fptn-24rwOq3aBZ5wCROjg",
									"type": "string"
								}
							]
						},
						"method": "GET",
						"header": [],
						"url": {
							"raw": "{{base_url}}/GetCourse/1/getAssignment/1/getAssignmentSubmitters",
							"host": [
								"{{base_url}}"
							],
							"path": [
								"GetCourse",
								"1",
								"getAssignment",
								"1",
								"getAssignmentSubmitters"
							]
						}
					},
					"response": []
				},
				{
					"name": "Get Assignment Feedback",
					"request": {
						"auth": {
							"type": "bearer",
							"bearer": [
								{
									"key": "token",
									"value": "eyJhbGciOiJIUzI1NiJ9.eyJzdWIiOiJpc2xhbSIsImlhdCI6MTczNDk3MjM0OCwiZXhwIjoxNzM1MDU4NzQ4fQ.OOxa4GW3o9WB8bSsirwtFjb1YZlw35tVRyvrG-CpshA",
									"type": "string"
								}
							]
						},
						"method": "GET",
						"header": [],
						"url": {
							"raw": "{{base_url}}/GetCourse/1/getAssignment/1/getAssignmentFeedback/20220395",
							"host": [
								"{{base_url}}"
							],
							"path": [
								"GetCourse",
								"1",
								"getAssignment",
								"1",
								"getAssignmentFeedback",
								"20220395"
							]
						}
					},
					"response": []
				}
			]
		},
		{
			"name": "Quiz",
			"item": [
				{
					"name": "Create Quiz",
					"request": {
						"auth": {
							"type": "bearer",
							"bearer": [
								{
									"key": "token",
									"value": "eyJhbGciOiJIUzI1NiJ9.eyJzdWIiOiJpbnN0cnVjdG9yIiwiaWF0IjoxNzM0OTgxMzU2LCJleHAiOjE3MzUwNjc3NTZ9.PxBqlu9qH2SB2ZNY0v2MWXd98nnA6x6vHEu6ObhPFjA",
									"type": "string"
								}
							]
						},
						"method": "POST",
						"header": [],
						"body": {
							"mode": "raw",
							"raw": "  {\r\n        \"title\": \"course 2\",\r\n        \"description\": \"course 2\"\r\n}",
							"options": {
								"raw": {
									"language": "json"
								}
							}
						},
						"url": {
							"raw": "{{base_url}}/GetCourse/1/CreateQuiz",
							"host": [
								"{{base_url}}"
							],
							"path": [
								"GetCourse",
								"1",
								"CreateQuiz"
							]
						}
					},
					"response": []
				},
				{
					"name": "Get Quizzes For A Course",
					"protocolProfileBehavior": {
						"disableBodyPruning": true
					},
					"request": {
						"auth": {
							"type": "bearer",
							"bearer": [
								{
									"key": "token",
									"value": "eyJhbGciOiJIUzI1NiJ9.eyJzdWIiOiJpc2xhbSIsImlhdCI6MTczNDk3NjEwMiwiZXhwIjoxNzM1MDYyNTAyfQ.f1JeCcHF8GnjvRBNFPOpdjzb0vgusETHE9l6ULv5sUo",
									"type": "string"
								}
							]
						},
						"method": "GET",
						"header": [],
						"body": {
							"mode": "raw",
							"raw": "",
							"options": {
								"raw": {
									"language": "json"
								}
							}
						},
						"url": {
							"raw": "{{base_url}}/GetCourse/1/getQuizsForCourse",
							"host": [
								"{{base_url}}"
							],
							"path": [
								"GetCourse",
								"1",
								"getQuizsForCourse"
							]
						}
					},
					"response": []
				},
				{
					"name": "Get A Specific Quiz",
					"request": {
						"auth": {
							"type": "bearer",
							"bearer": [
								{
									"key": "token",
									"value": "eyJhbGciOiJIUzI1NiJ9.eyJzdWIiOiJpc2xhbSIsImlhdCI6MTczNDk3NjEwMiwiZXhwIjoxNzM1MDYyNTAyfQ.f1JeCcHF8GnjvRBNFPOpdjzb0vgusETHE9l6ULv5sUo",
									"type": "string"
								}
							]
						},
						"method": "GET",
						"header": [],
						"url": {
							"raw": "{{base_url}}/GetCourse/1/getQuiz/1",
							"host": [
								"{{base_url}}"
							],
							"path": [
								"GetCourse",
								"1",
								"getQuiz",
								"1"
							]
						}
					},
					"response": []
				},
				{
					"name": "Submit Quiz",
					"request": {
						"auth": {
							"type": "bearer",
							"bearer": [
								{
									"key": "token",
									"value": "eyJhbGciOiJIUzI1NiJ9.eyJzdWIiOiJpbnN0cnVjdG9yIiwiaWF0IjoxNzM0OTgxMzU2LCJleHAiOjE3MzUwNjc3NTZ9.PxBqlu9qH2SB2ZNY0v2MWXd98nnA6x6vHEu6ObhPFjA",
									"type": "string"
								}
							]
						},
						"method": "POST",
						"header": [],
						"body": {
							"mode": "raw",
							"raw": "{\r\n    \"id\" : 20220395,\r\n    \"name\" : \"Youssef Sobhy Eid\"\r\n}",
							"options": {
								"raw": {
									"language": "json"
								}
							}
						},
						"url": {
							"raw": "{{base_url}}/GetCourse/1/getQuiz/1/submitQuiz",
							"host": [
								"{{base_url}}"
							],
							"path": [
								"GetCourse",
								"1",
								"getQuiz",
								"1",
								"submitQuiz"
							]
						}
					},
					"response": []
				},
				{
					"name": "Get Quiz Submitters",
					"request": {
						"auth": {
							"type": "bearer",
							"bearer": [
								{
									"key": "token",
									"value": "eyJhbGciOiJIUzI1NiJ9.eyJzdWIiOiJpc2xhbSIsImlhdCI6MTczNDk3NjEwMiwiZXhwIjoxNzM1MDYyNTAyfQ.f1JeCcHF8GnjvRBNFPOpdjzb0vgusETHE9l6ULv5sUo",
									"type": "string"
								}
							]
						},
						"method": "GET",
						"header": [],
						"url": {
							"raw": "{{base_url}}/GetCourse/1/GetQuiz/1/getQuizSubmitters",
							"host": [
								"{{base_url}}"
							],
							"path": [
								"GetCourse",
								"1",
								"GetQuiz",
								"1",
								"getQuizSubmitters"
							]
						}
					},
					"response": []
				},
				{
					"name": "Grade Quiz",
					"request": {
						"auth": {
							"type": "bearer",
							"bearer": [
								{
									"key": "token",
									"value": "eyJhbGciOiJIUzI1NiJ9.eyJzdWIiOiJpbnN0cnVjdG9yIiwiaWF0IjoxNzM0OTgxMzU2LCJleHAiOjE3MzUwNjc3NTZ9.PxBqlu9qH2SB2ZNY0v2MWXd98nnA6x6vHEu6ObhPFjA",
									"type": "string"
								}
							]
						},
						"method": "POST",
						"header": [],
						"url": {
							"raw": "{{base_url}}/GetCourse/1/GetQuiz/1/gradeQuiz",
							"host": [
								"{{base_url}}"
							],
							"path": [
								"GetCourse",
								"1",
								"GetQuiz",
								"1",
								"gradeQuiz"
							]
						}
					},
					"response": []
				},
				{
					"name": "Get Quiz Feedback",
					"request": {
						"auth": {
							"type": "bearer",
							"bearer": [
								{
									"key": "token",
									"value": "eyJhbGciOiJIUzI1NiJ9.eyJzdWIiOiJpbnN0cnVjdG9yIiwiaWF0IjoxNzM0OTgxMzU2LCJleHAiOjE3MzUwNjc3NTZ9.PxBqlu9qH2SB2ZNY0v2MWXd98nnA6x6vHEu6ObhPFjA",
									"type": "string"
								}
							]
						},
						"method": "GET",
						"header": [],
						"url": {
							"raw": "{{base_url}}/GetCourse/1/getQuiz/1/getQuizFeedback",
							"host": [
								"{{base_url}}"
							],
							"path": [
								"GetCourse",
								"1",
								"getQuiz",
								"1",
								"getQuizFeedback"
							]
						}
					},
					"response": []
				},
				{
					"name": "Get Student Quiz Score ",
					"request": {
						"auth": {
							"type": "bearer",
							"bearer": [
								{
									"key": "token",
									"value": "eyJhbGciOiJIUzI1NiJ9.eyJzdWIiOiJpbnN0cnVjdG9yIiwiaWF0IjoxNzM0OTgxMzU2LCJleHAiOjE3MzUwNjc3NTZ9.PxBqlu9qH2SB2ZNY0v2MWXd98nnA6x6vHEu6ObhPFjA",
									"type": "string"
								}
							]
						},
						"method": "GET",
						"header": [],
						"url": {
							"raw": "{{base_url}}/GetCourse/1/getQuiz/1/getQuizScores",
							"host": [
								"{{base_url}}"
							],
							"path": [
								"GetCourse",
								"1",
								"getQuiz",
								"1",
								"getQuizScores"
							]
						}
					},
					"response": []
				}
			]
		}
	]
}