{
	"info": {
		"_postman_id": "334cb2b4-aff0-4e49-bece-66efad2d51d0",
		"name": "Course Management",
		"schema": "https://schema.getpostman.com/json/collection/v2.1.0/collection.json",
		"_exporter_id": "38602171",
		"_collection_link": "https://lms-project-3100.postman.co/workspace/LMS-project-Workspace~834142a9-d34a-472e-94a4-8ec46378b016/collection/38602171-334cb2b4-aff0-4e49-bece-66efad2d51d0?action=share&source=collection_link&creator=38602171"
	},
	"item": [
		{
			"name": "Course APIs",
			"item": [
				{
					"name": "Create a new Course",
					"request": {
						"auth": {
							"type": "bearer",
							"bearer": [
								{
									"key": "token",
									"value": "eyJhbGciOiJIUzI1NiJ9.eyJzdWIiOiJpbnN0cnVjdG9yIiwiaWF0IjoxNzM0OTgwNTQwLCJleHAiOjE3MzUwNjY5NDB9.C-MaClNoWrHAW8wJGiPOV2J76YcdDxqZ6lfYEL3z5pg",
									"type": "string"
								}
							]
						},
						"method": "POST",
						"header": [],
						"body": {
							"mode": "raw",
							"raw": "{\r\n    \"name\" : \"os\" ,\r\n    \"description\" : \"Trees\" , \r\n    \"duration\" : 10\r\n}",
							"options": {
								"raw": {
									"language": "json"
								}
							}
						},
						"url": {
							"raw": "{{base_url}}/AddNewCourse",
							"host": [
								"{{base_url}}"
							],
							"path": [
								"AddNewCourse"
							]
						}
					},
					"response": []
				},
				{
					"name": "List all courses",
					"request": {
						"auth": {
							"type": "bearer",
							"bearer": [
								{
									"key": "token",
									"value": "eyJhbGciOiJIUzI1NiJ9.eyJzdWIiOiJpc2xhbSIsImlhdCI6MTczNDk2ODk4OSwiZXhwIjoxNzM1MDU1Mzg5fQ.RyQHjkPUZEnLVHsAC_nAG9NrdyI2n2QoI30Ge7KGzYs",
									"type": "string"
								}
							]
						},
						"method": "GET",
						"header": [],
						"url": {
							"raw": "{{base_url}}/GetAllCourses",
							"host": [
								"{{base_url}}"
							],
							"path": [
								"GetAllCourses"
							]
						}
					},
					"response": []
				},
				{
					"name": "Get details of a course",
					"request": {
						"auth": {
							"type": "bearer",
							"bearer": [
								{
									"key": "token",
									"value": "eyJhbGciOiJIUzI1NiJ9.eyJzdWIiOiJpc2xhbSIsImlhdCI6MTczNDk2ODk4OSwiZXhwIjoxNzM1MDU1Mzg5fQ.RyQHjkPUZEnLVHsAC_nAG9NrdyI2n2QoI30Ge7KGzYs",
									"type": "string"
								}
							]
						},
						"method": "GET",
						"header": [],
						"url": {
							"raw": "{{base_url}}/GetCourse/1",
							"host": [
								"{{base_url}}"
							],
							"path": [
								"GetCourse",
								"1"
							]
						}
					},
					"response": []
				},
				{
					"name": "Delete a course",
					"request": {
						"auth": {
							"type": "bearer",
							"bearer": [
								{
									"key": "token",
									"value": "eyJhbGciOiJIUzI1NiJ9.eyJzdWIiOiJpc2xhbSIsImlhdCI6MTczNDk2ODk4OSwiZXhwIjoxNzM1MDU1Mzg5fQ.RyQHjkPUZEnLVHsAC_nAG9NrdyI2n2QoI30Ge7KGzYs",
									"type": "string"
								}
							]
						},
						"method": "DELETE",
						"header": [],
						"url": {
							"raw": "{{base_url}}/DeleteCourse/3",
							"host": [
								"{{base_url}}"
							],
							"path": [
								"DeleteCourse",
								"3"
							]
						}
					},
					"response": []
				},
				{
					"name": "Update course",
					"request": {
						"auth": {
							"type": "bearer",
							"bearer": [
								{
									"key": "token",
									"value": "eyJhbGciOiJIUzI1NiJ9.eyJzdWIiOiJpc2xhbSIsImlhdCI6MTczNDk2ODk4OSwiZXhwIjoxNzM1MDU1Mzg5fQ.RyQHjkPUZEnLVHsAC_nAG9NrdyI2n2QoI30Ge7KGzYs",
									"type": "string"
								}
							]
						},
						"method": "PUT",
						"header": [],
						"body": {
							"mode": "raw",
							"raw": "{\r\n    \"id\": 1,\r\n    \"name\": \"math\",\r\n    \"description\": \"Trees\",\r\n    \"duration\": 10,\r\n    \"allQuizzes\": [],\r\n    \"allAssignments\": []\r\n}",
							"options": {
								"raw": {
									"language": "json"
								}
							}
						},
						"url": {
							"raw": "{{base_url}}/UpdateCourse",
							"host": [
								"{{base_url}}"
							],
							"path": [
								"UpdateCourse"
							]
						}
					},
					"response": []
				}
			]
		},
		{
			"name": "Lesson APIs",
			"item": [
				{
					"name": "Add a lesson to a course",
					"request": {
						"auth": {
							"type": "bearer",
							"bearer": [
								{
									"key": "token",
									"value": "eyJhbGciOiJIUzI1NiJ9.eyJzdWIiOiJpc2xhbSIsImlhdCI6MTczNDk2ODk4OSwiZXhwIjoxNzM1MDU1Mzg5fQ.RyQHjkPUZEnLVHsAC_nAG9NrdyI2n2QoI30Ge7KGzYs",
									"type": "string"
								}
							]
						},
						"method": "POST",
						"header": [],
						"body": {
							"mode": "raw",
							"raw": "{\r\n    \"title\" : \"Lesson 2\" ,\r\n    \"description\" : \"CPUu\"\r\n}",
							"options": {
								"raw": {
									"language": "json"
								}
							}
						},
						"url": {
							"raw": "{{base_url}}/GetCourse/1/AddNewLesson",
							"host": [
								"{{base_url}}"
							],
							"path": [
								"GetCourse",
								"1",
								"AddNewLesson"
							]
						}
					},
					"response": []
				},
				{
					"name": "List all lessons",
					"request": {
						"auth": {
							"type": "bearer",
							"bearer": [
								{
									"key": "token",
									"value": "eyJhbGciOiJIUzI1NiJ9.eyJzdWIiOiJpc2xhbSIsImlhdCI6MTczNDk2ODk4OSwiZXhwIjoxNzM1MDU1Mzg5fQ.RyQHjkPUZEnLVHsAC_nAG9NrdyI2n2QoI30Ge7KGzYs",
									"type": "string"
								}
							]
						},
						"method": "GET",
						"header": [],
						"url": {
							"raw": "{{base_url}}/GetCourse/1/GetAllLessons",
							"host": [
								"{{base_url}}"
							],
							"path": [
								"GetCourse",
								"1",
								"GetAllLessons"
							]
						}
					},
					"response": []
				},
				{
					"name": "Update lesson",
					"request": {
						"auth": {
							"type": "bearer",
							"bearer": [
								{
									"key": "token",
									"value": "eyJhbGciOiJIUzI1NiJ9.eyJzdWIiOiJpc2xhbSIsImlhdCI6MTczNDk3MjM0OCwiZXhwIjoxNzM1MDU4NzQ4fQ.OOxa4GW3o9WB8bSsirwtFjb1YZlw35tVRyvrG-CpshA",
									"type": "string"
								}
							]
						},
						"method": "PUT",
						"header": [],
						"body": {
							"mode": "raw",
							"raw": "{\r\n    \"id\": 2,\r\n    \"title\": \"Lesson 1\",\r\n    \"description\": \"Ram\"\r\n}\r\n",
							"options": {
								"raw": {
									"language": "json"
								}
							}
						},
						"url": {
							"raw": "{{base_url}}/GetCourse/1/UpdateLesson",
							"host": [
								"{{base_url}}"
							],
							"path": [
								"GetCourse",
								"1",
								"UpdateLesson"
							]
						}
					},
					"response": []
				},
				{
					"name": "Delete a lesson",
					"request": {
						"auth": {
							"type": "bearer",
							"bearer": [
								{
									"key": "token",
									"value": "eyJhbGciOiJIUzI1NiJ9.eyJzdWIiOiJpc2xhbSIsImlhdCI6MTczNDk2ODk4OSwiZXhwIjoxNzM1MDU1Mzg5fQ.RyQHjkPUZEnLVHsAC_nAG9NrdyI2n2QoI30Ge7KGzYs",
									"type": "string"
								}
							]
						},
						"method": "DELETE",
						"header": [],
						"url": {
							"raw": "{{base_url}}/GetCourse/1/DeleteLesson/3",
							"host": [
								"{{base_url}}"
							],
							"path": [
								"GetCourse",
								"1",
								"DeleteLesson",
								"3"
							]
						}
					},
					"response": []
				}
			]
		},
		{
			"name": "Enrollment APIs",
			"item": [
				{
					"name": "Enroll a student",
					"request": {
						"auth": {
							"type": "bearer",
							"bearer": [
								{
									"key": "token",
									"value": "eyJhbGciOiJIUzI1NiJ9.eyJzdWIiOiJpbnN0cnVjdG9yIiwiaWF0IjoxNzM0OTgxMzU2LCJleHAiOjE3MzUwNjc3NTZ9.PxBqlu9qH2SB2ZNY0v2MWXd98nnA6x6vHEu6ObhPFjA",
									"type": "string"
								}
							]
						},
						"method": "POST",
						"header": [],
						"body": {
							"mode": "raw",
							"raw": "{\r\n    \"id\" : 20220395,\r\n    \"name\" : \"Youssef Sobhy Eid\"\r\n}",
							"options": {
								"raw": {
									"language": "json"
								}
							}
						},
						"url": {
							"raw": "{{base_url}}/GetCourse/1/EnrollStudentInCourse",
							"host": [
								"{{base_url}}"
							],
							"path": [
								"GetCourse",
								"1",
								"EnrollStudentInCourse"
							]
						}
					},
					"response": []
				},
				{
					"name": "List enrolled students",
					"request": {
						"method": "GET",
						"header": [],
						"url": {
							"raw": "{{base_url}}/courses/{id}/students",
							"host": [
								"{{base_url}}"
							],
							"path": [
								"courses",
								"{id}",
								"students"
							]
						}
					},
					"response": []
				},
				{
					"name": "Remove a student from a course",
					"request": {
						"method": "DELETE",
						"header": [],
						"url": {
							"raw": "{{base_url}}/courses/{course_id}/students/{stucent_id}",
							"host": [
								"{{base_url}}"
							],
							"path": [
								"courses",
								"{course_id}",
								"students",
								"{stucent_id}"
							]
						}
					},
					"response": []
				}
			]
		},
		{
			"name": "Attendance Management",
			"item": [
				{
					"name": "Mark Student in Attendance",
					"request": {
						"auth": {
							"type": "bearer",
							"bearer": [
								{
									"key": "token",
									"value": "eyJhbGciOiJIUzI1NiJ9.eyJzdWIiOiJpc2xhbSIsImlhdCI6MTczNDk3MjM0OCwiZXhwIjoxNzM1MDU4NzQ4fQ.OOxa4GW3o9WB8bSsirwtFjb1YZlw35tVRyvrG-CpshA",
									"type": "string"
								}
							]
						},
						"method": "POST",
						"header": [],
						"body": {
							"mode": "raw",
							"raw": "{\r\n    \"id\" : 20220395,\r\n    \"name\" : \"Youssef Sobhy Eid\"\r\n}",
							"options": {
								"raw": {
									"language": "json"
								}
							}
						},
						"url": {
							"raw": "{{base_url}}/GetCourse/1/GetLesson/1/MarkStudentInAttendance?OTP=606482",
							"host": [
								"{{base_url}}"
							],
							"path": [
								"GetCourse",
								"1",
								"GetLesson",
								"1",
								"MarkStudentInAttendance"
							],
							"query": [
								{
									"key": "OTP",
									"value": "606482"
								}
							]
						}
					},
					"response": []
				},
				{
					"name": "Generate OTP",
					"protocolProfileBehavior": {
						"disableBodyPruning": true
					},
					"request": {
						"auth": {
							"type": "bearer",
							"bearer": [
								{
									"key": "token",
									"value": "eyJhbGciOiJIUzI1NiJ9.eyJzdWIiOiJpc2xhbSIsImlhdCI6MTczNDk3MjM0OCwiZXhwIjoxNzM1MDU4NzQ4fQ.OOxa4GW3o9WB8bSsirwtFjb1YZlw35tVRyvrG-CpshA",
									"type": "string"
								}
							]
						},
						"method": "GET",
						"header": [],
						"body": {
							"mode": "raw",
							"raw": "",
							"options": {
								"raw": {
									"language": "json"
								}
							}
						},
						"url": {
							"raw": "{{base_url}}/GetCourse/1/GetLesson/1/GenerateOTPForLesson",
							"host": [
								"{{base_url}}"
							],
							"path": [
								"GetCourse",
								"1",
								"GetLesson",
								"1",
								"GenerateOTPForLesson"
							]
						}
					},
					"response": []
				},
				{
					"name": "View Attendance List",
					"protocolProfileBehavior": {
						"disableBodyPruning": true
					},
					"request": {
						"auth": {
							"type": "bearer",
							"bearer": [
								{
									"key": "token",
									"value": "eyJhbGciOiJIUzI1NiJ9.eyJzdWIiOiJpc2xhbSIsImlhdCI6MTczNDk3MjM0OCwiZXhwIjoxNzM1MDU4NzQ4fQ.OOxa4GW3o9WB8bSsirwtFjb1YZlw35tVRyvrG-CpshA",
									"type": "string"
								}
							]
						},
						"method": "GET",
						"header": [],
						"body": {
							"mode": "raw",
							"raw": "",
							"options": {
								"raw": {
									"language": "json"
								}
							}
						},
						"url": {
							"raw": "{{base_url}}/GetCourse/1/GetLesson/1/ViewAttendanceList",
							"host": [
								"{{base_url}}"
							],
							"path": [
								"GetCourse",
								"1",
								"GetLesson",
								"1",
								"ViewAttendanceList"
							]
						}
					},
					"response": []
				}
			]
		}
	]
}