{
	"info": {
		"_postman_id": "968d44cd-1589-498e-b7ba-fcf855d2ce29",
		"name": "Email",
		"schema": "https://schema.getpostman.com/json/collection/v2.1.0/collection.json",
		"_exporter_id": "38602171",
		"_collection_link": "https://lms-project-3100.postman.co/workspace/LMS-project-Workspace~834142a9-d34a-472e-94a4-8ec46378b016/collection/38602171-968d44cd-1589-498e-b7ba-fcf855d2ce29?action=share&source=collection_link&creator=38602171"
	},
	"item": [
		{
			"name": "send Mail Without Attachment",
			"request": {
				"auth": {
					"type": "bearer",
					"bearer": [
						{
							"key": "token",
							"value": "eyJhbGciOiJIUzI1NiJ9.eyJzdWIiOiJpbnN0cnVjdG9yIiwiaWF0IjoxNzM0OTg0MzM0LCJleHAiOjE3MzUwNzA3MzR9.haT_ZJsZbhG7HjJYwUnIAafZJe1P-N4U1RuiKhqHPk0",
							"type": "string"
						}
					]
				},
				"method": "POST",
				"header": [],
				"body": {
					"mode": "raw",
					"raw": "{\r\n    \"recipient\": \"abdallah_mohamed04@hotmail.com\",\r\n    \"msgBody\": \"test\",\r\n    \"subject\": \"test email\"\r\n}",
					"options": {
						"raw": {
							"language": "json"
						}
					}
				},
				"url": {
					"raw": "{{base_url}}/sendMail",
					"host": [
						"{{base_url}}"
					],
					"path": [
						"sendMail"
					]
				}
			},
			"response": []
		}
	]
}