{
	"info": {
		"_postman_id": "6387b774-5540-4b87-a757-ad340246a1d4",
		"name": "Notifications",
		"schema": "https://schema.getpostman.com/json/collection/v2.1.0/collection.json",
		"_exporter_id": "38602171",
		"_collection_link": "https://lms-project-3100.postman.co/workspace/LMS-project-Workspace~834142a9-d34a-472e-94a4-8ec46378b016/collection/38602171-6387b774-5540-4b87-a757-ad340246a1d4?action=share&source=collection_link&creator=38602171"
	},
	"item": [
		{
			"name": "List All Notifications For A User",
			"request": {
				"auth": {
					"type": "bearer",
					"bearer": [
						{
							"key": "token",
							"value": "eyJhbGciOiJIUzI1NiJ9.eyJzdWIiOiJpc2xhbSIsImlhdCI6MTczNDk3OTEzMywiZXhwIjoxNzM1MDY1NTMzfQ.KJLrZTaFzX7CZSAexIPiWjkqDx_Qee3Ca4mx8VpslmE",
							"type": "string"
						}
					]
				},
				"method": "GET",
				"header": [],
				"url": {
					"raw": "{{base_url}}/user/1/notification",
					"host": [
						"{{base_url}}"
					],
					"path": [
						"user",
						"1",
						"notification"
					]
				}
			},
			"response": []
		},
		{
			"name": "Send a notification",
			"request": {
				"auth": {
					"type": "bearer",
					"bearer": [
						{
							"key": "token",
							"value": "eyJhbGciOiJIUzI1NiJ9.eyJzdWIiOiJpc2xhbSIsImlhdCI6MTczNDk3OTEzMywiZXhwIjoxNzM1MDY1NTMzfQ.KJLrZTaFzX7CZSAexIPiWjkqDx_Qee3Ca4mx8VpslmE",
							"type": "string"
						}
					]
				},
				"method": "POST",
				"header": [],
				"url": {
					"raw": "{{base_url}}/user/1/notification/1",
					"host": [
						"{{base_url}}"
					],
					"path": [
						"user",
						"1",
						"notification",
						"1"
					]
				}
			},
			"response": []
		},
		{
			"name": "Mark a notification as read",
			"request": {
				"auth": {
					"type": "bearer",
					"bearer": [
						{
							"key": "token",
							"value": "eyJhbGciOiJIUzI1NiJ9.eyJzdWIiOiJpc2xhbSIsImlhdCI6MTczNDk3OTEzMywiZXhwIjoxNzM1MDY1NTMzfQ.KJLrZTaFzX7CZSAexIPiWjkqDx_Qee3Ca4mx8VpslmE",
							"type": "string"
						}
					]
				},
				"method": "PUT",
				"header": [],
				"url": {
					"raw": "{{base_url}}/user/1/notification/1",
					"host": [
						"{{base_url}}"
					],
					"path": [
						"user",
						"1",
						"notification",
						"1"
					]
				}
			},
			"response": []
		},
		{
			"name": "Create a Notification ",
			"request": {
				"auth": {
					"type": "bearer",
					"bearer": [
						{
							"key": "token",
							"value": "eyJhbGciOiJIUzI1NiJ9.eyJzdWIiOiJpc2xhbSIsImlhdCI6MTczNDk3OTEzMywiZXhwIjoxNzM1MDY1NTMzfQ.KJLrZTaFzX7CZSAexIPiWjkqDx_Qee3Ca4mx8VpslmE",
							"type": "string"
						}
					]
				},
				"method": "POST",
				"header": [],
				"body": {
					"mode": "raw",
					"raw": "   {\r\n     \"message\": \"Sample notification message\",\r\n     \"isRead\": false,\r\n     \"user\": {\r\n       \"id\": 1\r\n     }\r\n   }",
					"options": {
						"raw": {
							"language": "json"
						}
					}
				},
				"url": {
					"raw": "{{base_url}}/notification",
					"host": [
						"{{base_url}}"
					],
					"path": [
						"notification"
					]
				}
			},
			"response": []
		}
	]
}