{
	"info": {
		"_postman_id": "343d86c1-8a96-494c-a792-c5d077d9904e",
		"name": "Performance Tracking",
		"schema": "https://schema.getpostman.com/json/collection/v2.1.0/collection.json",
		"_exporter_id": "38602171",
		"_collection_link": "https://lms-project-3100.postman.co/workspace/LMS-project-Workspace~834142a9-d34a-472e-94a4-8ec46378b016/collection/38602171-343d86c1-8a96-494c-a792-c5d077d9904e?action=share&source=collection_link&creator=38602171"
	},
	"item": [
		{
			"name": "Get Assignment Submitters Copy",
			"request": {
				"auth": {
					"type": "bearer",
					"bearer": [
						{
							"key": "token",
							"value": "eyJhbGciOiJIUzI1NiJ9.eyJzdWIiOiJpbnN0cnVjdG9yIiwiaWF0IjoxNzM0OTgxMzU2LCJleHAiOjE3MzUwNjc3NTZ9.PxBqlu9qH2SB2ZNY0v2MWXd98nnA6x6vHEu6ObhPFjA",
							"type": "string"
						}
					]
				},
				"method": "GET",
				"header": [],
				"url": {
					"raw": "{{base_url}}/GetCourse/1/getAssignment/1/getAssignmentSubmitters",
					"host": [
						"{{base_url}}"
					],
					"path": [
						"GetCourse",
						"1",
						"getAssignment",
						"1",
						"getAssignmentSubmitters"
					]
				}
			},
			"response": []
		},
		{
			"name": "View Attendance List Copy",
			"protocolProfileBehavior": {
				"disableBodyPruning": true
			},
			"request": {
				"auth": {
					"type": "bearer",
					"bearer": [
						{
							"key": "token",
							"value": "eyJhbGciOiJIUzI1NiJ9.eyJzdWIiOiJpc2xhbSIsImlhdCI6MTczNDk3MjM0OCwiZXhwIjoxNzM1MDU4NzQ4fQ.OOxa4GW3o9WB8bSsirwtFjb1YZlw35tVRyvrG-CpshA",
							"type": "string"
						}
					]
				},
				"method": "GET",
				"header": [],
				"body": {
					"mode": "raw",
					"raw": "",
					"options": {
						"raw": {
							"language": "json"
						}
					}
				},
				"url": {
					"raw": "{{base_url}}/GetCourse/1/GetLesson/1/ViewAttendanceList",
					"host": [
						"{{base_url}}"
					],
					"path": [
						"GetCourse",
						"1",
						"GetLesson",
						"1",
						"ViewAttendanceList"
					]
				}
			},
			"response": []
		},
		{
			"name": "Get Student Quiz Score",
			"request": {
				"auth": {
					"type": "bearer",
					"bearer": [
						{
							"key": "token",
							"value": "eyJhbGciOiJIUzI1NiJ9.eyJzdWIiOiJpbnN0cnVjdG9yIiwiaWF0IjoxNzM0OTgwOTc3LCJleHAiOjE3MzUwNjczNzd9.AarcaSxLMjmwT6BeTjgTDlcADtcBpZ3QdrCUVK9GbmY",
							"type": "string"
						}
					]
				},
				"method": "GET",
				"header": [],
				"url": {
					"raw": "{{base_url}}/GetCourse/1/getQuiz/1/getQuizScores",
					"host": [
						"{{base_url}}"
					],
					"path": [
						"GetCourse",
						"1",
						"getQuiz",
						"1",
						"getQuizScores"
					]
				}
			},
			"response": []
		}
	]
}