{
	"info": {
		"_postman_id": "a6907614-d31f-4034-afc8-3ca892ddb971",
		"name": "User Management",
		"schema": "https://schema.getpostman.com/json/collection/v2.1.0/collection.json",
		"_exporter_id": "38602171",
		"_collection_link": "https://lms-project-3100.postman.co/workspace/LMS-project-Workspace~834142a9-d34a-472e-94a4-8ec46378b016/collection/38602171-a6907614-d31f-4034-afc8-3ca892ddb971?action=share&source=collection_link&creator=38602171"
	},
	"item": [
		{
			"name": "Auth",
			"item": [
				{
					"name": "Register a user",
					"request": {
						"method": "POST",
						"header": [],
						"body": {
							"mode": "raw",
							"raw": "{\r\n  \"id\": 2,\r\n  \"username\": \"instructor\",\r\n  \"password\": \"6102004\",\r\n  \"email\": \"islamYasser64@gmail.com\",\r\n  \"role\": \"instructor\"\r\n}",
							"options": {
								"raw": {
									"language": "json"
								}
							}
						},
						"url": {
							"raw": "{{base_url}}/auth/register",
							"host": [
								"{{base_url}}"
							],
							"path": [
								"auth",
								"register"
							]
						}
					},
					"response": []
				},
				{
					"name": "Login",
					"request": {
						"method": "POST",
						"header": [],
						"body": {
							"mode": "raw",
							"raw": "{\r\n    \"username\": \"instructor\",\r\n    \"password\": \"6102004\"\r\n}",
							"options": {
								"raw": {
									"language": "json"
								}
							}
						},
						"url": {
							"raw": "{{base_url}}/auth/login",
							"host": [
								"{{base_url}}"
							],
							"path": [
								"auth",
								"login"
							]
						}
					},
					"response": []
				},
				{
					"name": "Logout",
					"request": {
						"method": "POST",
						"header": [],
						"url": {
							"raw": "{{base_url}}/auth/logout",
							"host": [
								"{{base_url}}"
							],
							"path": [
								"auth",
								"logout"
							]
						}
					},
					"response": []
				},
				{
					"name": "View All Users",
					"request": {
						"auth": {
							"type": "bearer",
							"bearer": [
								{
									"key": "token",
									"value": "",
									"type": "string"
								}
							]
						},
						"method": "GET",
						"header": [],
						"url": {
							"raw": "{{base_url}}/auth/viewall",
							"host": [
								"{{base_url}}"
							],
							"path": [
								"auth",
								"viewall"
							]
						}
					},
					"response": []
				}
			]
		},
		{
			"name": "User",
			"item": [
				{
					"name": "View User's Profile",
					"protocolProfileBehavior": {
						"disableBodyPruning": true
					},
					"request": {
						"auth": {
							"type": "bearer",
							"bearer": [
								{
									"key": "token",
									"value": "eyJhbGciOiJIUzI1NiJ9.eyJzdWIiOiJpbnN0cnVjdG9yIiwiaWF0IjoxNzM0OTgwNTQwLCJleHAiOjE3MzUwNjY5NDB9.C-MaClNoWrHAW8wJGiPOV2J76YcdDxqZ6lfYEL3z5pg",
									"type": "string"
								}
							]
						},
						"method": "GET",
						"header": [],
						"body": {
							"mode": "raw",
							"raw": "",
							"options": {
								"raw": {
									"language": "json"
								}
							}
						},
						"url": {
							"raw": "{{base_url}}/auth/viewProfile/2",
							"host": [
								"{{base_url}}"
							],
							"path": [
								"auth",
								"viewProfile",
								"2"
							]
						}
					},
					"response": []
				},
				{
					"name": "Edit user",
					"request": {
						"method": "PUT",
						"header": [],
						"url": {
							"raw": "{{base_url}}/users/{id}/",
							"host": [
								"{{base_url}}"
							],
							"path": [
								"users",
								"{id}",
								""
							]
						}
					},
					"response": []
				},
				{
					"name": "Delete user",
					"request": {
						"auth": {
							"type": "bearer",
							"bearer": [
								{
									"key": "token",
									"value": "eyJhbGciOiJIUzI1NiJ9.eyJzdWIiOiJpc2xhbVlhc3NlciIsImlhdCI6MTczNDg4MTY3OCwiZXhwIjoxNzM0OTY4MDc4fQ.0740UVWAcCZAWNyBJGEuboMfXYjGC435e_d5mB33oDg",
									"type": "string"
								}
							]
						},
						"method": "DELETE",
						"header": [],
						"body": {
							"mode": "raw",
							"raw": "",
							"options": {
								"raw": {
									"language": "json"
								}
							}
						},
						"url": {
							"raw": "{{base_url}}/auth/delete/1",
							"host": [
								"{{base_url}}"
							],
							"path": [
								"auth",
								"delete",
								"1"
							]
						}
					},
					"response": []
				},
				{
					"name": "Admin auth check",
					"request": {
						"auth": {
							"type": "bearer",
							"bearer": [
								{
									"key": "token",
									"value": "eyJhbGciOiJIUzI1NiJ9.eyJzdWIiOiJhaG1lZCIsImlhdCI6MTczNDk3OTcyOSwiZXhwIjoxNzM1MDY2MTI5fQ.B2Mt76gfzjFlsxyDV9i2Y0gSqj3QAaVj6mfxLtpSV8Q",
									"type": "string"
								}
							]
						},
						"method": "POST",
						"header": [],
						"body": {
							"mode": "raw",
							"raw": "",
							"options": {
								"raw": {
									"language": "json"
								}
							}
						},
						"url": {
							"raw": "{{base_url}}/admin/create-user",
							"host": [
								"{{base_url}}"
							],
							"path": [
								"admin",
								"create-user"
							]
						}
					},
					"response": []
				}
			]
		}
	]
}